id,minues_pdf_url
e8697880-f06f-4be5-abfd-ea0a4f69dcf7,None
f3dc4a44-970a-4246-96c8-7b4731b59c33,https://pub-peterborough.escribemeetings.com/filestream.ashx?DocumentId=34541
660c01bb-fe4d-49a0-855e-6d67b2ee1fa3,None
89365d4a-1a96-43a6-b8fe-44c2f6b0b3e0,https://pub-peterborough.escribemeetings.com/filestream.ashx?DocumentId=31103
3d098fd5-753f-4079-a014-b0428e837b80,https://pub-peterborough.escribemeetings.com/filestream.ashx?DocumentId=30959
a6f3396b-6361-42b7-a5e1-207ac9ea3641,https://pub-peterborough.escribemeetings.com/filestream.ashx?DocumentId=30740
d9d5d758-2a75-4d1e-9e79-82ba75b10907,https://pub-peterborough.escribemeetings.com/filestream.ashx?DocumentId=30536
2f71d5e0-9cfe-4f98-951f-5148ae4021b2,None
1ef4a741-9ba3-444b-9993-ba8198548511,https://pub-peterborough.escribemeetings.com/filestream.ashx?DocumentId=30030
052e22d1-58b6-4bda-9580-3d102860db9c,None
10e3e140-5308-4627-9f98-6fe4c136228c,https://pub-peterborough.escribemeetings.com/filestream.ashx?DocumentId=29603
329ee6cd-1ccf-4c62-9009-6f71b52b6cc2,None
e20d58e6-69b1-4222-bb95-65bff1b2f4ae,https://pub-peterborough.escribemeetings.com/filestream.ashx?DocumentId=29067
23249aff-bcba-4629-945e-996132cf82b1,https://pub-peterborough.escribemeetings.com/filestream.ashx?DocumentId=28942
a781ff0b-4be1-4afd-85ae-dfd90259924b,None
0e4d3b2d-2d64-47a9-9102-84e59e520be7,None
blah,None
blah,None
blah,None
blah,None
1cfedc72-898f-40c0-a0ed-285cd84d9eba,https://pub-peterborough.escribemeetings.com/filestream.ashx?DocumentId=26942
3c3a3b64-325a-44c5-9c63-eacc533731ea,https://pub-peterborough.escribemeetings.com/filestream.ashx?DocumentId=26583
4444db16-9cb6-43db-a904-c640f087fe22,None
04808394-34da-4e35-8072-2aefb51c3cb1,None
e00d6c23-eaa4-44fc-9941-9b03a122c5f6,None
3d41b8a2-fe1b-42b3-b865-fe462aac0754,None
51fbdd0f-9522-4ecf-a763-1e4242f1463f,None
5797d89c-9e9c-4ee6-9b6f-4556f3c91ce5,None
efad045f-5f39-4443-9e95-6fc4725b6ce2,None
211d29b4-e87f-4adf-82bc-f0a3e238e9e9,https://pub-peterborough.escribemeetings.com/filestream.ashx?DocumentId=22800
54aa8bb0-4ec7-49a8-a791-6bf2fa4984d9,https://pub-peterborough.escribemeetings.com/filestream.ashx?DocumentId=21548
d2e89604-98fb-4bd0-8e53-9bf60ab4793b,https://pub-peterborough.escribemeetings.com/filestream.ashx?DocumentId=4708
0e6648e6-ae6c-45a6-af6c-b97f52359917,https://pub-peterborough.escribemeetings.com/filestream.ashx?DocumentId=4438
c759cf4a-21e4-40e9-9a60-dcc2f3fea426,https://pub-peterborough.escribemeetings.com/filestream.ashx?DocumentId=2935
f764a343-4cfd-4ba3-994e-06317a761797,https://pub-peterborough.escribemeetings.com/filestream.ashx?DocumentId=1677
bdccedd8-7037-4fda-85d4-f649a6ee392d,https://pub-peterborough.escribemeetings.com/filestream.ashx?DocumentId=1548
9d0b71a5-5162-4baf-ade9-443e51a5a427,https://pub-peterborough.escribemeetings.com/filestream.ashx?DocumentId=1101
0e011a88-c045-4b30-bacb-602c1a41d659,https://pub-peterborough.escribemeetings.com/filestream.ashx?DocumentId=6259
4d29e2e6-2d46-4f4c-aceb-627d074655d2,https://pub-peterborough.escribemeetings.com/filestream.ashx?DocumentId=6245
49da8a0d-9fdb-4d42-9a8b-378d8d6f8765,https://pub-peterborough.escribemeetings.com/filestream.ashx?DocumentId=6225
c1c411a6-9524-4cd4-a478-ade915e1e5e1,None
879f928e-0cf9-4dc7-8339-3d3ce572005a,https://pub-peterborough.escribemeetings.com/filestream.ashx?DocumentId=6191
e4b0fb29-aa6c-4f85-b46f-abdbc3471895,https://pub-peterborough.escribemeetings.com/filestream.ashx?DocumentId=6179
a2ce820b-f11d-47b0-934a-f1fb7eea6acb,https://pub-peterborough.escribemeetings.com/filestream.ashx?DocumentId=6156
11125e15-9d02-4f1b-b28d-2c7912748cfc,https://pub-peterborough.escribemeetings.com/filestream.ashx?DocumentId=6139
2267b2b7-01f3-488e-8d56-8652401663c3,https://pub-peterborough.escribemeetings.com/filestream.ashx?DocumentId=6115
63c58c76-8d99-4b71-b5fe-a2aeea5cb159,https://pub-peterborough.escribemeetings.com/filestream.ashx?DocumentId=6090
4edb249f-7d32-4b6c-8258-aac22820d475,https://pub-peterborough.escribemeetings.com/filestream.ashx?DocumentId=6064
62be165e-546f-4ccd-9278-54c902023542,https://pub-peterborough.escribemeetings.com/filestream.ashx?DocumentId=6051
a1ba377b-94c2-4783-b5c4-97b73727ced7,https://pub-peterborough.escribemeetings.com/filestream.ashx?DocumentId=6026
0808d3ff-7c53-4c2c-90d5-5f645a2101d6,https://pub-peterborough.escribemeetings.com/filestream.ashx?DocumentId=6015
3bf8d3f2-c66c-4535-ab5c-df4e2d9fcce6,https://pub-peterborough.escribemeetings.com/filestream.ashx?DocumentId=6003
ebac8438-8395-4478-99fa-e09f45ea1658,https://pub-peterborough.escribemeetings.com/filestream.ashx?DocumentId=5972
2b7bed94-cade-4713-8d2d-77a9ae5e0878,https://pub-peterborough.escribemeetings.com/filestream.ashx?DocumentId=5954
bac064ca-3f33-4f0a-b0b5-ab1c496396cd,https://pub-peterborough.escribemeetings.com/filestream.ashx?DocumentId=5931
98a114f0-08d2-4e37-87a0-c3506d1b8a8c,https://pub-peterborough.escribemeetings.com/filestream.ashx?DocumentId=5915
e3cd3390-a317-4353-9e19-7ec8a2fd82b7,https://pub-peterborough.escribemeetings.com/filestream.ashx?DocumentId=5893
70d7b54d-392e-4017-b395-8494b75dbb1f,https://pub-peterborough.escribemeetings.com/filestream.ashx?DocumentId=5881
9456866b-330a-48b7-aa8d-534577f84ff2,https://pub-peterborough.escribemeetings.com/filestream.ashx?DocumentId=5868
96c04b8b-a6d2-48d1-8bda-258c0b3345cf,https://pub-peterborough.escribemeetings.com/filestream.ashx?DocumentId=6665
d637831f-4efa-4544-ab92-d7592f6241ee,None
b2babf6f-208b-4f8b-8dde-016f43a5b03e,https://pub-peterborough.escribemeetings.com/filestream.ashx?DocumentId=6633
afab774b-8f90-419e-8625-23abf67fb3ab,https://pub-peterborough.escribemeetings.com/filestream.ashx?DocumentId=6618
fa136ab5-a91c-4d68-ba0b-eafc00b64af5,https://pub-peterborough.escribemeetings.com/filestream.ashx?DocumentId=6601
f7234a52-8030-43ec-8094-ac32c33132f8,https://pub-peterborough.escribemeetings.com/filestream.ashx?DocumentId=6585
421217f1-868e-4bc0-8366-1a8211999d23,https://pub-peterborough.escribemeetings.com/filestream.ashx?DocumentId=6572
d361fb83-18f8-4cdc-9567-d6e5ca8e18ef,https://pub-peterborough.escribemeetings.com/filestream.ashx?DocumentId=6562
1b0ca3f0-2059-4de6-a053-cd6ea30b9286,https://pub-peterborough.escribemeetings.com/filestream.ashx?DocumentId=6551
52799182-b207-4ec7-b3fd-cd76e9c1cee0,https://pub-peterborough.escribemeetings.com/filestream.ashx?DocumentId=6536
36f24b34-49a4-4ee7-a546-24ccf8a6cb88,https://pub-peterborough.escribemeetings.com/filestream.ashx?DocumentId=6521
5dde3dac-8d1f-41b4-974b-b51fb3ee64dd,https://pub-peterborough.escribemeetings.com/filestream.ashx?DocumentId=6503
19af52cd-bb3e-41d7-8954-b4d957153f35,https://pub-peterborough.escribemeetings.com/filestream.ashx?DocumentId=6490
2e7446bf-d601-4d85-ba01-51d3b2e93f47,https://pub-peterborough.escribemeetings.com/filestream.ashx?DocumentId=6478
5045d38d-3772-49b4-9a1d-4b6591de2fb3,https://pub-peterborough.escribemeetings.com/filestream.ashx?DocumentId=6465
fe27977d-34aa-4cf3-9433-456fe29bb87a,https://pub-peterborough.escribemeetings.com/filestream.ashx?DocumentId=6451
6a93a61b-affb-4ca1-bb76-2b627291cd2c,https://pub-peterborough.escribemeetings.com/filestream.ashx?DocumentId=6439
469ffc98-940b-4e83-a54b-2c898f9df741,https://pub-peterborough.escribemeetings.com/filestream.ashx?DocumentId=6425
73911b5d-05e7-4378-b1c1-1bebd659bb59,https://pub-peterborough.escribemeetings.com/filestream.ashx?DocumentId=6409
065dda73-7b74-47e7-a622-65d7a1c87165,https://pub-peterborough.escribemeetings.com/filestream.ashx?DocumentId=6395
56e16cf0-58ac-49fa-8588-995e8beb032b,https://pub-peterborough.escribemeetings.com/filestream.ashx?DocumentId=6382
83460e13-b542-495f-8ee7-ce331497522e,https://pub-peterborough.escribemeetings.com/filestream.ashx?DocumentId=6361
78b2f129-e74d-46d6-9b69-01de0bd2e3b1,https://pub-peterborough.escribemeetings.com/filestream.ashx?DocumentId=6345
b0e30230-675e-4575-bc3b-edf6cda4c785,https://pub-peterborough.escribemeetings.com/filestream.ashx?DocumentId=6333
ef78aaf7-4342-4fd8-ada6-c92cce91dd7e,https://pub-peterborough.escribemeetings.com/filestream.ashx?DocumentId=6320
907938d8-e119-4e3e-b461-fa8076cfc9a6,https://pub-peterborough.escribemeetings.com/filestream.ashx?DocumentId=6309
a46e2657-1071-4be4-9871-1a4862f4aca0,None
00e177bc-5cf8-4576-9797-0e7d87ce1459,None
c56acf24-6981-4d85-98d6-03a5c50bb996,https://pub-peterborough.escribemeetings.com/filestream.ashx?DocumentId=34526
d918a620-4520-4c19-8f2a-06d52676dc6b,https://pub-peterborough.escribemeetings.com/filestream.ashx?DocumentId=31077
f8c045a7-63cf-4345-a36b-8a1dfdfd455a,None
8b3f982e-fc85-4d39-9dd4-65793fc84759,None
b8d37056-5584-44e3-9c77-2ca12e475102,None
5047010d-f831-4ee0-a7f3-1ed9dfdf220d,None
0b1d6e9c-8711-4c1c-afd4-6a176ea74808,None
4b894537-8838-4723-83d2-e953dccbc499,None
9c4fdcb9-597b-4e60-ab84-38d05c014908,None
a28b6612-2ed8-4ed9-99dd-c41c5a7b3e63,https://pub-peterborough.escribemeetings.com/filestream.ashx?DocumentId=30606
fb7489f6-2140-4a54-864f-8e0cefdb61eb,None
12f5cb9c-4129-4149-924e-96f95119388b,None
50db7a83-a96d-4339-862b-f936efc2cb25,None
3427c0ad-ffeb-4549-b647-210805d7d9ec,None
5e5156de-e460-43b0-b053-422d14ef6649,None
cd263f9b-c7bc-4c94-8981-f22f152dff0b,None
1826f1cf-0865-4bcc-8260-a4311dc985e1,None
0ab08843-137e-4aec-a64a-367536423972,None
blah,None
blah,None
blah,None
blah,None
blah,None
6b56fe87-163a-45df-8f34-7f671ea8da92,None
7b0dab6d-a83a-4203-8509-5d1cfbc0a50c,None
192df0d2-744c-4f68-bb4d-2b1de3187c18,None
01b6de7f-3fd1-4ba6-af81-9d9358cd5716,None
e5ad230d-b13b-4f57-ae40-c109a4dbf2cb,None
832c26f2-a37f-469b-a8ca-144bee37cbab,None
fb0d0754-b0dc-4385-b740-b906867a465c,None
5b7c108f-bc9e-4a98-84f5-504a033aa87a,None
23610a60-2573-40a8-8013-4e721c211ddb,https://pub-peterborough.escribemeetings.com/filestream.ashx?DocumentId=23205
0168601f-acd7-44d9-97a6-a65229ddda0e,https://pub-peterborough.escribemeetings.com/filestream.ashx?DocumentId=21641
dfa0a98f-52d1-4e39-a459-b3b2a30ff167,https://pub-peterborough.escribemeetings.com/filestream.ashx?DocumentId=21496
6284a466-24fd-42a2-abb1-1dbb9dc5fa54,https://pub-peterborough.escribemeetings.com/filestream.ashx?DocumentId=21419
f05623a6-86b6-4311-8874-9e514f95a900,https://pub-peterborough.escribemeetings.com/filestream.ashx?DocumentId=3068
5699ecc5-a90c-4078-b01d-95c83f299215,https://pub-peterborough.escribemeetings.com/filestream.ashx?DocumentId=2820
b93bbf5d-6922-4b1b-a86a-8ed123ffbfd3,https://pub-peterborough.escribemeetings.com/filestream.ashx?DocumentId=1607
17a695f6-21f1-4be8-8559-fb5fc8041c8c,https://pub-peterborough.escribemeetings.com/filestream.ashx?DocumentId=1585
86244e83-997b-4b2e-bcd7-82ca22539d1e,https://pub-peterborough.escribemeetings.com/filestream.ashx?DocumentId=1138
91e10d51-a50b-4624-8b2e-fab75e3f5bd1,https://pub-peterborough.escribemeetings.com/filestream.ashx?DocumentId=6925
9fc4942f-8e75-4a65-aab4-df47a57c21c4,https://pub-peterborough.escribemeetings.com/filestream.ashx?DocumentId=6910
8ca80767-0206-4496-802f-a86f7399fd26,https://pub-peterborough.escribemeetings.com/filestream.ashx?DocumentId=6893
599333dd-b110-4edf-9c53-085e30947960,https://pub-peterborough.escribemeetings.com/filestream.ashx?DocumentId=6879
5f51bbee-4410-4d2c-8ee0-37d07c2fc827,https://pub-peterborough.escribemeetings.com/filestream.ashx?DocumentId=6865
481b5493-634d-4b3b-9433-7980ba6aa066,https://pub-peterborough.escribemeetings.com/filestream.ashx?DocumentId=6847
9fea18a9-8ab6-479e-8ec9-b63e7f197bac,https://pub-peterborough.escribemeetings.com/filestream.ashx?DocumentId=6839
29784de3-0296-450a-9906-1aace6435c9f,https://pub-peterborough.escribemeetings.com/filestream.ashx?DocumentId=6820
0fc93eb6-cc3a-4512-b78c-634bdeab5c9a,https://pub-peterborough.escribemeetings.com/filestream.ashx?DocumentId=6806
52ab7222-08db-463d-a439-dab99a59efb7,https://pub-peterborough.escribemeetings.com/filestream.ashx?DocumentId=6791
48d8008b-3e4e-451b-8d52-abcae3876eb6,https://pub-peterborough.escribemeetings.com/filestream.ashx?DocumentId=6777
6b37204c-83db-41e7-bee4-34e842cd1bd2,https://pub-peterborough.escribemeetings.com/filestream.ashx?DocumentId=6762
7c961736-3e3f-4897-bf3f-f22913c476d7,https://pub-peterborough.escribemeetings.com/filestream.ashx?DocumentId=6752
fa065116-2132-4951-aee1-6c2031ebfe58,https://pub-peterborough.escribemeetings.com/filestream.ashx?DocumentId=6736
fa2dba2f-6b9a-42c6-846f-4497192ba7dc,https://pub-peterborough.escribemeetings.com/filestream.ashx?DocumentId=6726
52f6f0d5-4a86-4251-bdfe-cc21690e37ca,https://pub-peterborough.escribemeetings.com/filestream.ashx?DocumentId=6711
8faef053-89b1-48d1-8aed-d83d39c2777d,https://pub-peterborough.escribemeetings.com/filestream.ashx?DocumentId=6697
05ef8c7f-74e2-4ad8-9637-e9903457a20f,https://pub-peterborough.escribemeetings.com/filestream.ashx?DocumentId=6687
b0477406-75fb-4172-bc25-3987d0d83473,https://pub-peterborough.escribemeetings.com/filestream.ashx?DocumentId=7695
4cb3ffc3-3191-4f27-b8eb-4500c25e404e,https://pub-peterborough.escribemeetings.com/filestream.ashx?DocumentId=7678
c1db9a5a-f03f-4c2e-bc5e-35b7a2dc3930,https://pub-peterborough.escribemeetings.com/filestream.ashx?DocumentId=7664
d2662dde-4870-4b1d-b57e-51aa0cadfadd,https://pub-peterborough.escribemeetings.com/filestream.ashx?DocumentId=7646
c17d4bed-6fd3-489f-9bdb-2803f4469319,https://pub-peterborough.escribemeetings.com/filestream.ashx?DocumentId=7628
1ccab3e6-98df-4588-9e09-9dee3d8ded8f,https://pub-peterborough.escribemeetings.com/filestream.ashx?DocumentId=7617
2c75283c-b9aa-4427-898e-c21d3f5c1a53,https://pub-peterborough.escribemeetings.com/filestream.ashx?DocumentId=7601
6d64f74d-81a6-4c7c-876c-d1f408e1a517,None
6390a2f0-eecc-4864-9653-5ec6e8525db2,https://pub-peterborough.escribemeetings.com/filestream.ashx?DocumentId=7575
d0adf3bf-423d-4a15-a7e4-1236b3d622c4,https://pub-peterborough.escribemeetings.com/filestream.ashx?DocumentId=7562
c3a34bca-dfd9-46aa-929b-fedf4c7a5974,https://pub-peterborough.escribemeetings.com/filestream.ashx?DocumentId=7548
594b4870-db20-45e6-974b-9568ea3583dc,https://pub-peterborough.escribemeetings.com/filestream.ashx?DocumentId=7532
410b77b7-4857-4e09-9ebe-cad6c33059c1,https://pub-peterborough.escribemeetings.com/filestream.ashx?DocumentId=7514
d0ca8976-4f0b-4e63-a24b-645a493bb115,https://pub-peterborough.escribemeetings.com/filestream.ashx?DocumentId=7496
0097def2-4075-4b24-ae52-2e0547e44912,https://pub-peterborough.escribemeetings.com/filestream.ashx?DocumentId=7477
be077498-eaf4-4956-ac2e-b47645b0d04c,https://pub-peterborough.escribemeetings.com/filestream.ashx?DocumentId=7459
246512d1-ac20-45ed-a2d2-201d9afe3972,https://pub-peterborough.escribemeetings.com/filestream.ashx?DocumentId=7445
5bb05865-72b5-47f5-a715-5872c030d6c3,https://pub-peterborough.escribemeetings.com/filestream.ashx?DocumentId=7435
821fbb14-c7fd-411c-b9b6-54c2b8f8426f,https://pub-peterborough.escribemeetings.com/filestream.ashx?DocumentId=7420
eb79ac9c-9870-45c3-a9a4-ac1fd833003c,https://pub-peterborough.escribemeetings.com/filestream.ashx?DocumentId=7403
cb5a9738-1b53-4387-8ffc-71b17724f2f6,https://pub-peterborough.escribemeetings.com/filestream.ashx?DocumentId=7383
286842b5-cdd0-4fbf-a0c8-1e227b54c1ee,https://pub-peterborough.escribemeetings.com/filestream.ashx?DocumentId=7363
9fc448fc-bf63-403c-b7a4-ab111ce46a36,https://pub-peterborough.escribemeetings.com/filestream.ashx?DocumentId=7346
7f19d3cc-bdc0-4607-bba4-c53bab95736b,https://pub-peterborough.escribemeetings.com/filestream.ashx?DocumentId=7327
14d5995e-21a5-4cc2-84cd-7209f73113f9,https://pub-peterborough.escribemeetings.com/filestream.ashx?DocumentId=7310
0d9014da-da76-4f05-a91b-cd3c1c411ba4,None
31197249-14d7-4388-9f99-780e9459ee0f,https://pub-peterborough.escribemeetings.com/filestream.ashx?DocumentId=7281
b7fc3d77-f808-4aeb-bcaf-86231b052bc2,https://pub-peterborough.escribemeetings.com/filestream.ashx?DocumentId=7267
e74643e9-e95e-4b33-a9f0-18e37a08289e,https://pub-peterborough.escribemeetings.com/filestream.ashx?DocumentId=7254
aa4e02ff-c9b4-40f4-8d46-5e24e3af8b41,https://pub-peterborough.escribemeetings.com/filestream.ashx?DocumentId=7239
6556ac39-f681-4c54-8260-adb715b0e71e,https://pub-peterborough.escribemeetings.com/filestream.ashx?DocumentId=7218
91c27f8f-3322-4882-afce-b794a924c908,https://pub-peterborough.escribemeetings.com/filestream.ashx?DocumentId=7203
864f124f-d8ff-45db-a68c-446097d28d18,https://pub-peterborough.escribemeetings.com/filestream.ashx?DocumentId=7191
a42152ab-c896-4458-9943-14c4e5d5a593,https://pub-peterborough.escribemeetings.com/filestream.ashx?DocumentId=7177
5b8514be-692b-41b6-961b-992edc757303,None
c50e03e3-78f9-49d9-a606-24b066fa62f8,https://pub-peterborough.escribemeetings.com/filestream.ashx?DocumentId=7160
fe02ca00-67d4-4f4d-a445-be733827751f,https://pub-peterborough.escribemeetings.com/filestream.ashx?DocumentId=7145
586e5402-1b0a-4abb-b9cb-d34b59da63e8,https://pub-peterborough.escribemeetings.com/filestream.ashx?DocumentId=7132
8163a469-bb8c-4c93-89cf-7365fefbaec2,https://pub-peterborough.escribemeetings.com/filestream.ashx?DocumentId=7112
3fd3c630-a9f2-40ad-8467-be70e27a4ea6,https://pub-peterborough.escribemeetings.com/filestream.ashx?DocumentId=7087
3b1e1c67-72df-4609-b9b1-089f564b6bf2,https://pub-peterborough.escribemeetings.com/filestream.ashx?DocumentId=7073
293a084a-f6de-4a10-ac07-c142c0c1aa50,https://pub-peterborough.escribemeetings.com/filestream.ashx?DocumentId=7047
5784b574-9e95-46ea-8e47-d69aaae0ff33,None
7e70dc1f-34b2-43ff-8da7-eddd0f81ff4f,https://pub-peterborough.escribemeetings.com/filestream.ashx?DocumentId=7018
d7169ef8-6dc2-49c4-8e33-dfe20fb5b212,https://pub-peterborough.escribemeetings.com/filestream.ashx?DocumentId=7005
2bb0e00c-66fb-4df2-9935-3c92a8629c02,https://pub-peterborough.escribemeetings.com/filestream.ashx?DocumentId=6988
03ee50ac-c00f-4bdb-af4e-03a34a1380d7,https://pub-peterborough.escribemeetings.com/filestream.ashx?DocumentId=6969
a6a6097b-3c1d-4aa9-a87c-0ebea3ff8f05,https://pub-peterborough.escribemeetings.com/filestream.ashx?DocumentId=6957
0fd02341-dc5c-4bf5-9c68-aed24ccbab4e,https://pub-peterborough.escribemeetings.com/filestream.ashx?DocumentId=6940
1abb1927-5d00-4649-ab4a-de20c136a499,https://pub-peterborough.escribemeetings.com/filestream.ashx?DocumentId=34515
0bb69e22-df4b-4467-8f06-9787b8b360ed,https://pub-peterborough.escribemeetings.com/filestream.ashx?DocumentId=33041
8b22f7a8-1cba-4e98-8645-64a5f4012718,https://pub-peterborough.escribemeetings.com/filestream.ashx?DocumentId=32024
05d10abc-231a-438c-b36e-64f4ccb613c9,https://pub-peterborough.escribemeetings.com/filestream.ashx?DocumentId=30979
9fd1846b-7c64-4aab-8116-4c6121b27a91,https://pub-peterborough.escribemeetings.com/filestream.ashx?DocumentId=30824
4c6fd526-013c-43d7-bc8b-f446846a3b62,https://pub-peterborough.escribemeetings.com/filestream.ashx?DocumentId=30674
bf2f7cdc-e2d2-41a6-9657-b20d402d17c6,https://pub-peterborough.escribemeetings.com/filestream.ashx?DocumentId=30460
d38bf19f-37f2-4fad-9bc5-38e4247a2c46,None
2803eb2a-1f65-4346-a828-61ec4fe73a37,https://pub-peterborough.escribemeetings.com/filestream.ashx?DocumentId=29932
50725d67-245b-4c76-a40a-3b45b0089577,None
9128c4a7-408d-4e52-b759-c31a3dafe351,https://pub-peterborough.escribemeetings.com/filestream.ashx?DocumentId=29253
4f50feac-6a8c-40bf-ab17-9bf41693d09d,https://pub-peterborough.escribemeetings.com/filestream.ashx?DocumentId=29111
97694ecc-ced0-45bc-abb4-7e70042ef5b4,https://pub-peterborough.escribemeetings.com/filestream.ashx?DocumentId=28964
0973dcba-a37d-4b89-83a7-93c922b498bc,https://pub-peterborough.escribemeetings.com/filestream.ashx?DocumentId=28781
5136942e-3b30-485d-a91a-a59ec813f1bc,None
6880591f-75ff-4096-ba45-daaec24f18dd,None
00e0df33-522d-45fe-844f-a649eae8fd2c,None
07adf0d0-e302-4d06-bd9b-417e1bff545d,https://pub-peterborough.escribemeetings.com/filestream.ashx?DocumentId=27668
blah,None
blah,None
78da50fe-4628-4f7b-8ad6-c1b7b226ba17,https://pub-peterborough.escribemeetings.com/filestream.ashx?DocumentId=26986
a31b78d8-668a-4f4f-a8af-e58d79ee4c30,https://pub-peterborough.escribemeetings.com/filestream.ashx?DocumentId=26734
38a81621-0c75-47a1-afdb-75be5fb14362,None
83691380-d6c2-478a-a2f3-ed570c247a01,None
7a7c50d2-65c5-42d6-823d-2d868f4556ef,None
7b609200-e1f1-444d-9042-85a1fc086193,None
d9e9b96a-232f-4a91-a9f8-4678fa3f721c,https://pub-peterborough.escribemeetings.com/filestream.ashx?DocumentId=24969
bb8d3e2e-7cb1-4154-882c-c4b19b9da977,https://pub-peterborough.escribemeetings.com/filestream.ashx?DocumentId=23696
be9b4355-84d0-4d26-b116-c8848ebd51a3,None
9e002f6f-b819-43ea-9284-ec8ea2fa61a2,None
48d16833-9281-403a-984d-7b9a22467c1a,https://pub-peterborough.escribemeetings.com/filestream.ashx?DocumentId=23173
8a7c982f-1003-4577-914e-bb69a70af5b4,https://pub-peterborough.escribemeetings.com/filestream.ashx?DocumentId=22810
f8b8ebbd-81ea-413f-8515-bbf214052adb,https://pub-peterborough.escribemeetings.com/filestream.ashx?DocumentId=21622
c303eaab-4537-4a82-ad4e-b2604619696f,https://pub-peterborough.escribemeetings.com/filestream.ashx?DocumentId=4754
d882c611-7243-4b46-a3b0-c4be276ea237,https://pub-peterborough.escribemeetings.com/filestream.ashx?DocumentId=4448
0c15bf19-f16e-45ae-bdd8-4a5d27d95c2b,https://pub-peterborough.escribemeetings.com/filestream.ashx?DocumentId=3006
f34e6fc5-08bf-4eea-bc80-9e8facbebb0d,https://pub-peterborough.escribemeetings.com/filestream.ashx?DocumentId=1792
85d4875c-8f8f-4cdb-92bd-cda712064491,https://pub-peterborough.escribemeetings.com/filestream.ashx?DocumentId=1266
795656d0-9ea3-4793-8ee1-37e4c25041a6,https://pub-peterborough.escribemeetings.com/filestream.ashx?DocumentId=1117
79f2d67c-8ea5-4465-97a8-6e874e111bb9,https://pub-peterborough.escribemeetings.com/filestream.ashx?DocumentId=8072
b90e2411-9185-4372-9328-fe0a54666e17,https://pub-peterborough.escribemeetings.com/filestream.ashx?DocumentId=8052
41d68c31-af58-4af3-9c80-65e91269dd1b,None
c434d71a-a481-4ad8-8b84-757b1b7f1526,https://pub-peterborough.escribemeetings.com/filestream.ashx?DocumentId=8025
1982169f-c9f8-4df0-8a42-2a0db2a61d36,https://pub-peterborough.escribemeetings.com/filestream.ashx?DocumentId=8008
311caff8-188d-4eb6-8c6d-84c60d1cf7a5,https://pub-peterborough.escribemeetings.com/filestream.ashx?DocumentId=7985
a072b4a6-7b13-4d0e-8600-4152edbce952,https://pub-peterborough.escribemeetings.com/filestream.ashx?DocumentId=7970
0bb2f24e-5032-4c5f-8feb-4757fe334909,https://pub-peterborough.escribemeetings.com/filestream.ashx?DocumentId=7947
857b9966-ba30-4e88-98a3-63496260a224,https://pub-peterborough.escribemeetings.com/filestream.ashx?DocumentId=7935
18f9d46f-dc97-4842-a36c-392bec94e07e,https://pub-peterborough.escribemeetings.com/filestream.ashx?DocumentId=7914
9e02d02e-1b1e-4e9b-b4f3-e6a3f914b001,https://pub-peterborough.escribemeetings.com/filestream.ashx?DocumentId=7899
8576b341-5720-4aab-aba7-e247af9ea872,None
8c156460-2866-4e37-88ed-e5f822a63337,https://pub-peterborough.escribemeetings.com/filestream.ashx?DocumentId=7869
0ff17722-9618-4372-b2f8-7a52c570b95e,https://pub-peterborough.escribemeetings.com/filestream.ashx?DocumentId=7844
eff78ab7-93d3-4fc3-8335-1744a652e3da,https://pub-peterborough.escribemeetings.com/filestream.ashx?DocumentId=7827
8b4e2fbd-6b06-4fb4-a851-8975ae285b5c,https://pub-peterborough.escribemeetings.com/filestream.ashx?DocumentId=7809
6031f375-e9ce-4b68-903f-1a6724aa5c93,https://pub-peterborough.escribemeetings.com/filestream.ashx?DocumentId=7790
3e275682-446b-462e-bb42-8f8be9166685,https://pub-peterborough.escribemeetings.com/filestream.ashx?DocumentId=7774
af460e99-c2b4-4300-8cd8-66728741f046,https://pub-peterborough.escribemeetings.com/filestream.ashx?DocumentId=7752
b603ce05-604e-43de-b0ae-5fea00e865dd,https://pub-peterborough.escribemeetings.com/filestream.ashx?DocumentId=7738
0f8ddf57-dbfd-4819-adf5-2e5badc692d8,https://pub-peterborough.escribemeetings.com/filestream.ashx?DocumentId=7724
46aa26b2-2b7a-475b-9d19-6bc59e812eaa,https://pub-peterborough.escribemeetings.com/filestream.ashx?DocumentId=7709
39b28bea-e342-4aff-ba2c-b6330d3dfef4,https://pub-peterborough.escribemeetings.com/filestream.ashx?DocumentId=8769
0736866d-48d5-4238-8196-78ea06dc2b46,https://pub-peterborough.escribemeetings.com/filestream.ashx?DocumentId=8755
681da11c-edc3-49b3-b0fe-a1713280d7f3,https://pub-peterborough.escribemeetings.com/filestream.ashx?DocumentId=8736
b6dcaf75-a9cd-461a-9eed-b0f6b4808085,https://pub-peterborough.escribemeetings.com/filestream.ashx?DocumentId=8724
e389bc26-81b1-46a9-ac6e-985ede35597e,https://pub-peterborough.escribemeetings.com/filestream.ashx?DocumentId=8708
bbae102e-4661-49b5-afc5-a738b4ff0d07,https://pub-peterborough.escribemeetings.com/filestream.ashx?DocumentId=8691
54734ee6-4bc3-44d4-907e-328d7816ea12,https://pub-peterborough.escribemeetings.com/filestream.ashx?DocumentId=8678
c02f38a6-3e8d-4bf4-a99e-d100422b1bfb,https://pub-peterborough.escribemeetings.com/filestream.ashx?DocumentId=8665
c2478977-c225-4e96-9b82-4737be1b8315,https://pub-peterborough.escribemeetings.com/filestream.ashx?DocumentId=8651
82cc35f0-6633-4e05-bc95-7ce332ec0b42,https://pub-peterborough.escribemeetings.com/filestream.ashx?DocumentId=8629
7b9ab2a6-16ac-4ec2-ab02-e93fbcb67f35,https://pub-peterborough.escribemeetings.com/filestream.ashx?DocumentId=8615
ad07fbad-b6e6-4716-a029-50e56d3dcf0d,https://pub-peterborough.escribemeetings.com/filestream.ashx?DocumentId=8596
ebcc7c29-b459-4158-9b31-3f1c74846e14,https://pub-peterborough.escribemeetings.com/filestream.ashx?DocumentId=8581
5b740705-a8a9-41d8-a000-87e63ca7f641,https://pub-peterborough.escribemeetings.com/filestream.ashx?DocumentId=8564
ca4facb9-e06f-4a90-b759-b9e948a3554e,https://pub-peterborough.escribemeetings.com/filestream.ashx?DocumentId=8548
5803911e-b6f5-41b0-9477-7adc3d59d868,https://pub-peterborough.escribemeetings.com/filestream.ashx?DocumentId=8538
0b028644-028a-4094-8801-3beebb040eff,https://pub-peterborough.escribemeetings.com/filestream.ashx?DocumentId=8523
65c57e99-58e5-425d-8260-f98de5bb7a69,https://pub-peterborough.escribemeetings.com/filestream.ashx?DocumentId=8511
858b86f5-c3a4-40a8-a24b-fdf2d3e7b573,https://pub-peterborough.escribemeetings.com/filestream.ashx?DocumentId=8494
a1bd1670-0c4f-49cb-9d2f-891ff7545c71,https://pub-peterborough.escribemeetings.com/filestream.ashx?DocumentId=8480
91e18e21-8bd6-473e-b152-4d153155bcc3,None
6196fa8b-346d-4264-b89e-456723a1c019,https://pub-peterborough.escribemeetings.com/filestream.ashx?DocumentId=8454
6c5c4c8d-e7ab-4e68-9d86-5b401332da16,https://pub-peterborough.escribemeetings.com/filestream.ashx?DocumentId=8440
d7b8b38d-14fe-4d75-9a8f-18e8b50c0815,https://pub-peterborough.escribemeetings.com/filestream.ashx?DocumentId=8428
3b7fabac-2bea-4cd9-ad8c-0d32efc68c92,https://pub-peterborough.escribemeetings.com/filestream.ashx?DocumentId=8420
7299d945-c867-4fec-9936-3c46133e57d9,https://pub-peterborough.escribemeetings.com/filestream.ashx?DocumentId=8406
0cfde9bb-2a80-41d4-ac1f-e02262da6156,https://pub-peterborough.escribemeetings.com/filestream.ashx?DocumentId=8392
8850845f-da65-4758-bb45-b9f42f86b583,https://pub-peterborough.escribemeetings.com/filestream.ashx?DocumentId=8380
f66dfc0c-d109-4a3a-8027-9e2b798c19bf,https://pub-peterborough.escribemeetings.com/filestream.ashx?DocumentId=8371
20baaca6-ee93-4f7a-84b7-1070df1dbbcb,https://pub-peterborough.escribemeetings.com/filestream.ashx?DocumentId=8361
70ab5c5f-a679-4622-8e14-c92054203969,https://pub-peterborough.escribemeetings.com/filestream.ashx?DocumentId=8348
df41d8ec-4ee5-4a63-a1b0-ef2a43fe1466,https://pub-peterborough.escribemeetings.com/filestream.ashx?DocumentId=8340
d81c2390-aec2-4f79-9658-ac65794313d9,https://pub-peterborough.escribemeetings.com/filestream.ashx?DocumentId=8332
8efcdf3a-b543-4313-b16a-984728f24c2f,https://pub-peterborough.escribemeetings.com/filestream.ashx?DocumentId=8319
fc6929da-e1d7-467b-9eec-be239eda4224,https://pub-peterborough.escribemeetings.com/filestream.ashx?DocumentId=8307
82e46dd2-7283-4769-b746-07133ac7b6a6,https://pub-peterborough.escribemeetings.com/filestream.ashx?DocumentId=8294
777c33c1-efcc-44da-8fbd-1f6ed32441c3,https://pub-peterborough.escribemeetings.com/filestream.ashx?DocumentId=8280
7a89d403-f989-4745-8d27-283828f0d134,https://pub-peterborough.escribemeetings.com/filestream.ashx?DocumentId=8263
908f09d1-3c5b-4747-be85-fac9e3585eab,https://pub-peterborough.escribemeetings.com/filestream.ashx?DocumentId=8253
ae08feb1-0c6f-4c43-a4b1-b54446b76ead,https://pub-peterborough.escribemeetings.com/filestream.ashx?DocumentId=8238
354a896e-aed6-4fc0-a2a4-12c1d1e3b351,https://pub-peterborough.escribemeetings.com/filestream.ashx?DocumentId=8223
8ad06c29-31c1-477c-956a-17ec9a1f7c83,https://pub-peterborough.escribemeetings.com/filestream.ashx?DocumentId=8209
e19b6db5-36cd-4c30-98a7-274b88b55c94,https://pub-peterborough.escribemeetings.com/filestream.ashx?DocumentId=8191
b141109c-1a9e-41cc-aabd-3700c8cd52ea,https://pub-peterborough.escribemeetings.com/filestream.ashx?DocumentId=8178
befaef12-3928-4f84-852c-54b76371c057,https://pub-peterborough.escribemeetings.com/filestream.ashx?DocumentId=8166
03a851e3-19a8-4239-a2e2-bef44bf8f0ab,https://pub-peterborough.escribemeetings.com/filestream.ashx?DocumentId=8153
ebcb950f-afd0-449e-aec1-1a3aeb94ada2,https://pub-peterborough.escribemeetings.com/filestream.ashx?DocumentId=8136
72111e1b-5c01-4777-a701-293c251f9ceb,https://pub-peterborough.escribemeetings.com/filestream.ashx?DocumentId=8120
0cfb8650-8c28-4261-9e4b-2e2757536da9,https://pub-peterborough.escribemeetings.com/filestream.ashx?DocumentId=8108
df29e019-7f00-4bfb-be64-cd94049ea196,https://pub-peterborough.escribemeetings.com/filestream.ashx?DocumentId=8099
3f724812-fd96-4267-904e-2effd4e44d0e,None
b8f40513-31f2-4a00-a7a0-e64f24808b92,https://pub-peterborough.escribemeetings.com/filestream.ashx?DocumentId=4377
f2ce59bd-8f55-4280-ad82-4785bb50f0d5,https://pub-peterborough.escribemeetings.com/filestream.ashx?DocumentId=8845
022d0dcf-e7aa-473e-b4aa-e8bcc58da54f,https://pub-peterborough.escribemeetings.com/filestream.ashx?DocumentId=8822
60c4d38c-137f-4add-a1f3-f73dbdd7f915,https://pub-peterborough.escribemeetings.com/filestream.ashx?DocumentId=8809
32c7eacc-4a26-4c3d-8dfa-246ca054ed45,https://pub-peterborough.escribemeetings.com/filestream.ashx?DocumentId=8797
1f3675ab-07a8-485d-91a4-2c25a8f7b6f7,https://pub-peterborough.escribemeetings.com/filestream.ashx?DocumentId=8787
8b2d4ad9-dd82-4433-88b9-cc5e1e57da07,https://pub-peterborough.escribemeetings.com/filestream.ashx?DocumentId=9022
c089aba1-0d07-4300-90d8-0a930ad60cd2,None
b555325f-d170-4066-b971-8401107839bd,https://pub-peterborough.escribemeetings.com/filestream.ashx?DocumentId=8994
64126c38-4159-4314-9760-c341139039fb,https://pub-peterborough.escribemeetings.com/filestream.ashx?DocumentId=8986
7e284436-8d3f-4911-af26-4ad11bf4d1df,https://pub-peterborough.escribemeetings.com/filestream.ashx?DocumentId=8976
015d0f28-f14d-4659-9800-b6512cc5a239,https://pub-peterborough.escribemeetings.com/filestream.ashx?DocumentId=8962
5da2a374-d349-4041-a0c0-73c4bb90adcb,https://pub-peterborough.escribemeetings.com/filestream.ashx?DocumentId=8950
7ec93236-1411-428c-8f79-08693c971718,https://pub-peterborough.escribemeetings.com/filestream.ashx?DocumentId=8939
bad74187-15eb-4f63-ad43-cfc757abcfa4,https://pub-peterborough.escribemeetings.com/filestream.ashx?DocumentId=8925
7b4b3da0-e3fb-4ca9-9d26-5eda44775704,https://pub-peterborough.escribemeetings.com/filestream.ashx?DocumentId=8918
cbc72708-0eab-4db5-83c7-fbf953d44829,https://pub-peterborough.escribemeetings.com/filestream.ashx?DocumentId=8908
b0b20c21-76f2-482f-9a52-ea20d162e866,https://pub-peterborough.escribemeetings.com/filestream.ashx?DocumentId=8892
b90445fd-3451-473f-a51f-04005b3ce547,https://pub-peterborough.escribemeetings.com/filestream.ashx?DocumentId=8879
e16b2143-ff3d-4bff-97dd-2e023c586cbb,https://pub-peterborough.escribemeetings.com/filestream.ashx?DocumentId=8866
792a2eef-d56b-4909-822c-c9dde539c078,https://pub-peterborough.escribemeetings.com/filestream.ashx?DocumentId=8856
9146bde4-4edd-4662-8425-cc01e00aa2a8,https://pub-peterborough.escribemeetings.com/filestream.ashx?DocumentId=8832
d17eee35-1255-4e20-9d38-07a48784a425,None
02f2dc2d-1614-4c8a-8a07-9dd379260b6d,None
1e022396-6675-4c9d-aec7-c572ffcdec45,https://pub-peterborough.escribemeetings.com/filestream.ashx?DocumentId=9255
b2d1e69b-7e52-44c7-82f2-123290b76ea1,None
d148536b-22f5-45de-80d9-c1ccd7f4259e,https://pub-peterborough.escribemeetings.com/filestream.ashx?DocumentId=9238
19aa1400-256a-440c-a218-b59e3d09ed92,https://pub-peterborough.escribemeetings.com/filestream.ashx?DocumentId=9227
bf59d9ca-3a84-4fd4-ac86-4924a78ddf0a,https://pub-peterborough.escribemeetings.com/filestream.ashx?DocumentId=9216
14b21230-1eb1-4ef7-8530-0f4f49a612a2,https://pub-peterborough.escribemeetings.com/filestream.ashx?DocumentId=9202
c8516364-b82a-4539-a97f-35e9bcbdb86e,None
f8a733ac-3946-4779-9019-c49c28ca6317,None
c67433db-db82-4814-92df-fdb249f5aefb,https://pub-peterborough.escribemeetings.com/filestream.ashx?DocumentId=9162
faf08e18-164b-42ac-bd67-cfb6e708a8f3,None
a78bbf03-6bbc-4ff5-a1f9-387e51eca98d,https://pub-peterborough.escribemeetings.com/filestream.ashx?DocumentId=9146
4bdc41bd-e6eb-459e-a504-902a8a0be91f,https://pub-peterborough.escribemeetings.com/filestream.ashx?DocumentId=9136
b5e20586-7b1c-43cf-873f-f0e7dffa4981,https://pub-peterborough.escribemeetings.com/filestream.ashx?DocumentId=9125
1586011c-5970-4156-8ef5-afa16114e056,None
b1081d87-301d-4fba-be70-71e8cef5a4c3,None
44eacd59-a16d-4d16-bc69-99de939b0846,https://pub-peterborough.escribemeetings.com/filestream.ashx?DocumentId=9084
c2abd0d9-be1e-4ec8-9718-0e830d93450a,None
406961fd-df68-4bd9-8316-1e093b105c8f,https://pub-peterborough.escribemeetings.com/filestream.ashx?DocumentId=9065
93dfd250-cb34-4a80-a632-24c4e2694bfd,https://pub-peterborough.escribemeetings.com/filestream.ashx?DocumentId=9045
cc0f1538-7c77-49d6-859f-5e1c6ae6ccc8,None
2a0e9900-4762-4ec9-8fed-47244fbcc301,https://pub-peterborough.escribemeetings.com/filestream.ashx?DocumentId=9631
30dd25d0-686c-46f3-a20c-602e14748896,None
aa5953ef-8841-4693-973b-55bfda3bff43,None
c9301c28-63b8-47b9-84e4-e2b001df351d,https://pub-peterborough.escribemeetings.com/filestream.ashx?DocumentId=9596
58d1fa37-389f-47de-96f4-882bbc41a07c,https://pub-peterborough.escribemeetings.com/filestream.ashx?DocumentId=9586
a789721d-4b0f-4186-8fd7-53a93fa63f21,https://pub-peterborough.escribemeetings.com/filestream.ashx?DocumentId=9575
f2f19174-22c3-47aa-a170-69e0e245eb70,None
aabc369c-f2f0-41b7-a507-3c16de1307f1,None
d706d19c-3232-42e1-ac13-99953f07dd81,https://pub-peterborough.escribemeetings.com/filestream.ashx?DocumentId=9539
f8085c3d-ac41-4002-831b-903b92a9f37e,https://pub-peterborough.escribemeetings.com/filestream.ashx?DocumentId=9528
1af26547-83e0-47ad-9ea8-9acee03990fb,None
c7bd12c4-9018-4d19-8fb9-3eaff72eea6d,None
9c4fcc83-a9da-40c2-9ac0-91bf27402855,None
a7e6dbfb-43f5-45a7-9beb-6514b05105a4,https://pub-peterborough.escribemeetings.com/filestream.ashx?DocumentId=9480
caaa852c-a76a-41ae-83b7-3c0862b8c4b0,None
094469c4-3270-41f7-bad6-9d766b2adf6a,https://pub-peterborough.escribemeetings.com/filestream.ashx?DocumentId=9462
25befdb6-be63-4b15-9bd7-162420db2d80,https://pub-peterborough.escribemeetings.com/filestream.ashx?DocumentId=9449
2218a1a8-fef8-4181-a7fb-477cfd68cf1f,https://pub-peterborough.escribemeetings.com/filestream.ashx?DocumentId=9441
d7c8954d-3f44-4b27-879d-ac55ab08a11a,https://pub-peterborough.escribemeetings.com/filestream.ashx?DocumentId=9426
0fe3cc00-3ad5-437e-8449-e04f14caa39a,None
dd6a5999-dc7c-4898-ae65-dd64e1ccf126,None
9da4bfc0-4dc9-4f8e-b943-665a9a76682f,https://pub-peterborough.escribemeetings.com/filestream.ashx?DocumentId=9390
6e4728e4-3d2e-4d3c-a179-c2bfbe46fd90,None
b2780d82-51ab-4d76-afd5-3d08757e2151,https://pub-peterborough.escribemeetings.com/filestream.ashx?DocumentId=9373
d3468910-f7a8-44ef-a3c4-e73a30123cac,https://pub-peterborough.escribemeetings.com/filestream.ashx?DocumentId=9363
ed2d281c-2c58-483c-9956-a9eb2a01c7f8,None
877d588d-ddb9-4f0b-81f0-3707df50ca05,https://pub-peterborough.escribemeetings.com/filestream.ashx?DocumentId=9346
2d10bf44-54e7-4bd5-bd74-61325fd7de86,None
044ed704-05d3-4478-b58b-101b3f70d544,None
e778d41f-8d1d-42b2-97e4-0f4e16712a6b,None
da51df17-6482-4673-8671-5901543b5ff2,None
b7f47711-4b71-4fec-af25-45d2ab5b089a,None
c9448a64-5dac-4260-8468-a7ca4dab9dce,https://pub-peterborough.escribemeetings.com/filestream.ashx?DocumentId=9316
ded1dd04-1b1f-41dc-94e5-51ccca19c15d,https://pub-peterborough.escribemeetings.com/filestream.ashx?DocumentId=9306
25b2e2bd-40f2-4f02-ab57-e0d8b9ad56b7,https://pub-peterborough.escribemeetings.com/filestream.ashx?DocumentId=9054
e26c853b-507a-449f-8b72-d44050a62814,None
5c75ccb8-6cb8-483f-b002-ca99c61f1847,None
13b8deb9-2622-439b-b05b-841a0205c0de,None
21d303c8-a14e-48b9-857a-707f03f4b1d6,None
3a4a95da-0887-417f-a020-30f802e349b1,https://pub-peterborough.escribemeetings.com/filestream.ashx?DocumentId=34253
3d7be3f3-5171-4bf2-a793-a661a87a1973,None
17af7d4e-ebf1-4382-80e5-d080ab5fd78d,https://pub-peterborough.escribemeetings.com/filestream.ashx?DocumentId=31071
5fcaf9c8-6fcf-4503-a1ae-a43e83aea264,None
9301b354-d98f-4df3-82b7-89b2990d21fe,None
cfd19469-3e0b-415e-bb90-1a336460c56f,https://pub-peterborough.escribemeetings.com/filestream.ashx?DocumentId=30568
8b6162d5-bedc-4779-ac85-ac4145832310,https://pub-peterborough.escribemeetings.com/filestream.ashx?DocumentId=30352
2928ef5f-cf40-44d5-8270-35e40d7a4482,https://pub-peterborough.escribemeetings.com/filestream.ashx?DocumentId=30493
c942dcf1-3d87-4cdf-878a-ae48df7646c6,https://pub-peterborough.escribemeetings.com/filestream.ashx?DocumentId=30001
13ef981f-2daf-4688-837a-c605cebc8e5f,https://pub-peterborough.escribemeetings.com/filestream.ashx?DocumentId=29803
d00e223b-5e45-4438-a0c6-147cdbc0e7a6,None
e1ca7b92-7386-4890-8514-e56a0fbe3ab6,None
3a3a270d-b462-4d32-8a54-66bc1ab0b222,https://pub-peterborough.escribemeetings.com/filestream.ashx?DocumentId=29348
1b461525-67be-4bbf-b623-0264c948a3be,https://pub-peterborough.escribemeetings.com/filestream.ashx?DocumentId=29182
2a0ff3d6-6dfe-4316-b188-b9028644d82d,https://pub-peterborough.escribemeetings.com/filestream.ashx?DocumentId=29027
621b6e6c-d02d-4c1e-8e8e-a5d0ccc7ac66,https://pub-peterborough.escribemeetings.com/filestream.ashx?DocumentId=28890
6d78163b-ae46-492f-8d51-39a3e8a723c5,https://pub-peterborough.escribemeetings.com/filestream.ashx?DocumentId=28732
82b16369-bde2-4388-832c-ba4b9f96d3c1,None
8fb2d7c6-1639-4e1a-a757-6c5d91d58b0e,None
29bcbff0-4662-40af-affa-59710cf89055,https://pub-peterborough.escribemeetings.com/filestream.ashx?DocumentId=28117
a72801be-52bd-4e9d-8429-10a168077eb4,None
6c93b540-e885-42fd-8900-37e9fe2e7e99,None
1924c955-912b-481a-bac4-157253bac2ce,None
2d78c258-fabf-49e8-b401-1f7e76afd089,None
7986ea6e-db6d-4f94-a127-2e9060a15694,None
ac89a70b-73d3-4e48-9812-67c90895ab77,None
blah,None
d65ca2cf-aad2-4c27-93bc-b9f1121e6cb3,None
d513e7c6-289f-4622-82ea-f8e7122ce14d,None
e32606a7-ad2b-4e34-bc21-9d8ca17df98c,None
ec8a150c-d778-4e2a-8039-b2121367b6f4,None
903f83f1-e5b6-4640-b553-b21d4e5a6594,None
e8940b85-3a25-48da-9989-1cb2d9df98b8,None
00a80da4-1d5f-4a67-84f6-944f72d8b197,None
162bbf66-0342-4676-a307-bb39bf34c771,https://pub-peterborough.escribemeetings.com/filestream.ashx?DocumentId=25109
2ccf45d3-dbfb-4d98-8d2a-63c6ed6affce,None
f235f356-be44-4a58-b977-ad194710cd4c,None
d551bfc7-cfd1-4747-b4c0-b804f07abbab,None
a5d01e62-fbdb-4bbd-a90c-948580a8331a,None
d5ac9fa8-f542-4067-88aa-4db1b124609b,https://pub-peterborough.escribemeetings.com/filestream.ashx?DocumentId=23230
5ca1b673-3c6b-4791-83e5-ae3840b71cac,https://pub-peterborough.escribemeetings.com/filestream.ashx?DocumentId=23063
a45f6d96-126f-4f08-b0ab-f5f2dfbb50b7,https://pub-peterborough.escribemeetings.com/filestream.ashx?DocumentId=22748
a2864150-74d5-4bfc-a464-3ec991e8f4f9,https://pub-peterborough.escribemeetings.com/filestream.ashx?DocumentId=21465
2aa4f011-5280-4bf9-be31-73a5c88c96ad,https://pub-peterborough.escribemeetings.com/filestream.ashx?DocumentId=4742
4bfae0e7-9e2f-4c4a-8f01-70d2bf39a1e7,https://pub-peterborough.escribemeetings.com/filestream.ashx?DocumentId=4527
133e0578-9b7d-4602-ae24-18815a5abda8,https://pub-peterborough.escribemeetings.com/filestream.ashx?DocumentId=4194
23d2b52f-62fa-4cf3-bdb4-8d701123d671,None
10e83666-4bd2-4648-b54f-1dcf4f01b281,https://pub-peterborough.escribemeetings.com/filestream.ashx?DocumentId=3092
7ee547e2-500d-432d-b8d6-8921087d63ee,https://pub-peterborough.escribemeetings.com/filestream.ashx?DocumentId=2908
5d3da01e-13c4-407a-9e16-8c2f87bbda56,https://pub-peterborough.escribemeetings.com/filestream.ashx?DocumentId=1770
4662b6ee-538e-4009-8a78-cca4740fae60,https://pub-peterborough.escribemeetings.com/filestream.ashx?DocumentId=1618
48ca1cd0-3118-44e6-a103-99c057a882e0,None
1dcb22cb-321d-4bc8-8322-0b71f33ba3f5,https://pub-peterborough.escribemeetings.com/filestream.ashx?DocumentId=1150
f5574dbf-32b1-4ca4-a7c4-65f3afd88614,https://pub-peterborough.escribemeetings.com/filestream.ashx?DocumentId=10208
2b793308-a6df-4485-b7cc-d6c5f0e67e3e,https://pub-peterborough.escribemeetings.com/filestream.ashx?DocumentId=10194
7fad3fd9-fc4f-4edb-89c3-1593da48596f,None
c092c051-0425-4e20-99ce-2cba40e59a3a,https://pub-peterborough.escribemeetings.com/filestream.ashx?DocumentId=10161
0b3b5c95-c550-4427-8040-4d54bc18fcfe,None
e5384812-2d12-420d-9464-589dca00f19a,https://pub-peterborough.escribemeetings.com/filestream.ashx?DocumentId=10142
f8e226cc-0ce7-47ba-acd7-94eae03b079f,https://pub-peterborough.escribemeetings.com/filestream.ashx?DocumentId=10131
c466eba8-ecd3-40cb-8b93-88b41993a108,https://pub-peterborough.escribemeetings.com/filestream.ashx?DocumentId=10118
42a05f59-d0bf-4ef8-9fca-6325b1f8d942,https://pub-peterborough.escribemeetings.com/filestream.ashx?DocumentId=10102
0fe239dc-fd75-4aad-9869-f426ba0df87d,None
c4c5aaf3-c9a0-4f1c-9a5c-95149211f3b6,https://pub-peterborough.escribemeetings.com/filestream.ashx?DocumentId=10084
cc8a38a9-66c2-41ae-a7e9-89f20cea88ff,https://pub-peterborough.escribemeetings.com/filestream.ashx?DocumentId=10074
325761e7-b97e-46b9-9e95-63657212dd27,https://pub-peterborough.escribemeetings.com/filestream.ashx?DocumentId=10055
0bf4b28e-b286-491e-bff4-fd4bc25b6ac3,https://pub-peterborough.escribemeetings.com/filestream.ashx?DocumentId=10043
b2bda7d4-3ef4-4f98-9e60-f4fd7816232a,None
f46540bd-bb5e-4c71-8aa7-5b2534b7ba0b,https://pub-peterborough.escribemeetings.com/filestream.ashx?DocumentId=10022
9bc4ee9e-ee26-4401-8c82-d2bdc5366f60,None
493d557e-9e3f-4166-b89b-943cdad94a46,https://pub-peterborough.escribemeetings.com/filestream.ashx?DocumentId=10001
11c33fcd-ac8b-4aa6-9a64-c8da76088f4f,None
ad426646-3673-407c-9f02-c8eff7beefe3,https://pub-peterborough.escribemeetings.com/filestream.ashx?DocumentId=9978
cc77d9c0-dd0c-4ad8-afb4-3a4f8a517e60,https://pub-peterborough.escribemeetings.com/filestream.ashx?DocumentId=9966
e35f3271-a5ad-466a-ad32-130d2ca426ca,None
2f735933-61fc-427e-bc54-29baf1ad1d93,https://pub-peterborough.escribemeetings.com/filestream.ashx?DocumentId=9934
986f2e38-eec4-491e-80b3-ae931ec2c16b,https://pub-peterborough.escribemeetings.com/filestream.ashx?DocumentId=9924
1bcfeb72-567e-4e7b-bdf9-8d4db441272f,https://pub-peterborough.escribemeetings.com/filestream.ashx?DocumentId=9912
c55a4fab-4448-44ae-aa8b-9d1a20e6bc39,https://pub-peterborough.escribemeetings.com/filestream.ashx?DocumentId=9899
8a31c717-d8e6-4774-8fea-8710cb04de4d,https://pub-peterborough.escribemeetings.com/filestream.ashx?DocumentId=9885
d118a62d-9159-4ee8-b998-c2185a502a40,None
3dc1de83-6640-4e45-a8ca-42920fbe3395,None
2e3aac34-58b5-42c4-ab35-d87a38c14a35,https://pub-peterborough.escribemeetings.com/filestream.ashx?DocumentId=9857
da5111c8-8c77-4620-b073-f2cc17e802a7,https://pub-peterborough.escribemeetings.com/filestream.ashx?DocumentId=9826
8be8f69d-342a-40bc-9edc-f5f0bd29598f,https://pub-peterborough.escribemeetings.com/filestream.ashx?DocumentId=9817
fc5493f1-9502-4e2d-9843-a55a5f45bb95,https://pub-peterborough.escribemeetings.com/filestream.ashx?DocumentId=9804
e6660799-ddd5-4ca8-a469-015af3e314c0,https://pub-peterborough.escribemeetings.com/filestream.ashx?DocumentId=9792
5c07175b-e5be-427b-a2cf-a4005479fdd4,None
9a5358dd-7c57-4ef9-8459-c096b5bc9fa9,https://pub-peterborough.escribemeetings.com/filestream.ashx?DocumentId=9772
9e37f29a-ec92-41c9-81e4-9edf08f11ab0,https://pub-peterborough.escribemeetings.com/filestream.ashx?DocumentId=9760
6fb89863-e540-4f26-9b82-76f61d9d8da8,None
82ac2863-467a-4c13-b65e-e6ced86294ca,https://pub-peterborough.escribemeetings.com/filestream.ashx?DocumentId=9728
34ec14e1-9046-4619-9aea-af46e074c9af,https://pub-peterborough.escribemeetings.com/filestream.ashx?DocumentId=9718
96f376ee-9421-43b9-9bc2-e260f889a665,https://pub-peterborough.escribemeetings.com/filestream.ashx?DocumentId=9706
8cf695e1-c624-448b-ba1f-058083c62d8d,https://pub-peterborough.escribemeetings.com/filestream.ashx?DocumentId=9695
712931e6-e3b1-439a-aba9-785eb8490848,https://pub-peterborough.escribemeetings.com/filestream.ashx?DocumentId=9682
4aed7f3d-a4ee-4eff-84d8-b12668d61451,https://pub-peterborough.escribemeetings.com/filestream.ashx?DocumentId=9668
0eb95329-bdd1-4c87-98e3-d66467d1a8b1,https://pub-peterborough.escribemeetings.com/filestream.ashx?DocumentId=9642
08b16c8a-10ef-4f22-b5b9-16427b74adc2,None
ca7bf497-f922-4089-b63c-ab1795c6b286,None
f7ed859b-f1f9-488d-a3c3-e7ec41dcefbb,https://pub-peterborough.escribemeetings.com/filestream.ashx?DocumentId=11404
64b0b292-8175-490a-b392-9b6d17dc69d0,https://pub-peterborough.escribemeetings.com/filestream.ashx?DocumentId=11392
0dc62d24-2000-4bdc-b266-9f224c85e090,None
84b9fe64-2b29-472f-8267-87c30e77beb8,https://pub-peterborough.escribemeetings.com/filestream.ashx?DocumentId=11371
a00fff07-2e3c-4680-9675-4b6d59b4da07,https://pub-peterborough.escribemeetings.com/filestream.ashx?DocumentId=11362
686f073f-b3e0-4e99-83bc-81ad3b5d43d9,https://pub-peterborough.escribemeetings.com/filestream.ashx?DocumentId=11349
2123c3c2-23b6-4ea8-a5a2-2f707f536e5b,https://pub-peterborough.escribemeetings.com/filestream.ashx?DocumentId=11337
214365e1-1d30-475e-a593-374281e5b228,https://pub-peterborough.escribemeetings.com/filestream.ashx?DocumentId=11311
fd2ddaf3-cac8-4cd4-8224-5c72a498ddd6,https://pub-peterborough.escribemeetings.com/filestream.ashx?DocumentId=11300
8a4dde16-5cd7-41ef-a825-df9d4d4c192f,None
ae7bc1e2-506a-4836-93fe-ecd9166114dc,https://pub-peterborough.escribemeetings.com/filestream.ashx?DocumentId=11277
0c9e9711-089f-47ae-93a9-9e25b2c589aa,https://pub-peterborough.escribemeetings.com/filestream.ashx?DocumentId=11255
6cfc2d1c-fdf3-4176-a355-3f6a366b5703,https://pub-peterborough.escribemeetings.com/filestream.ashx?DocumentId=11245
a645204f-a68f-43af-9911-1a6747d6187a,https://pub-peterborough.escribemeetings.com/filestream.ashx?DocumentId=11230
64ba9226-ad8d-4cfe-95d7-5a6619086be0,None
9ad3d2ff-ad0c-495a-8146-49f062ba07e6,https://pub-peterborough.escribemeetings.com/filestream.ashx?DocumentId=11210
897bc877-f28a-4e3d-8b25-3b0c99caf213,None
df133a2b-37fd-4f1c-a072-b1e099099343,https://pub-peterborough.escribemeetings.com/filestream.ashx?DocumentId=11191
bfc239fe-8d4a-4995-bdd0-5a84d2edaad9,https://pub-peterborough.escribemeetings.com/filestream.ashx?DocumentId=11179
8c3c208a-dd77-4201-accd-8d9868c6fdc8,https://pub-peterborough.escribemeetings.com/filestream.ashx?DocumentId=11168
460798ea-8ac7-4df6-9b2c-67cd1485ad29,https://pub-peterborough.escribemeetings.com/filestream.ashx?DocumentId=11158
6888dd78-dc53-49a6-bb52-c1a96ad46a89,https://pub-peterborough.escribemeetings.com/filestream.ashx?DocumentId=11147
7181f638-afe5-47db-ac5c-75b1a5879911,https://pub-peterborough.escribemeetings.com/filestream.ashx?DocumentId=11136
af512f0c-c39c-40ad-8bef-898778e9008d,https://pub-peterborough.escribemeetings.com/filestream.ashx?DocumentId=11123
54852c73-06c6-461c-8283-75bb7bae4378,None
ccb1f5df-98ff-46fa-8a88-d0128a4a02e0,https://pub-peterborough.escribemeetings.com/filestream.ashx?DocumentId=11103
2279b423-adc3-4227-a422-0a9921396658,None
9515e8f1-c331-40b2-a45f-a65a75ca8f4c,https://pub-peterborough.escribemeetings.com/filestream.ashx?DocumentId=11083
9b408a8a-48c4-4b99-ba45-a77f17f5ede4,https://pub-peterborough.escribemeetings.com/filestream.ashx?DocumentId=11072
c0ae51d1-97b2-4d14-8166-c80bbbc8a383,https://pub-peterborough.escribemeetings.com/filestream.ashx?DocumentId=11059
b28c1706-400c-4a9e-83d8-ca83110b5aa1,https://pub-peterborough.escribemeetings.com/filestream.ashx?DocumentId=11047
440205ed-b674-429f-93a4-6cad7896c6c6,https://pub-peterborough.escribemeetings.com/filestream.ashx?DocumentId=11033
1145e64a-e495-4fdc-bdab-d1f2534be44a,None
38c488e4-d3a7-48a1-92a2-704cd486c911,None
68cf448d-96d8-4ce3-9878-7418f60d153b,https://pub-peterborough.escribemeetings.com/filestream.ashx?DocumentId=11006
e4b0812e-20ee-4702-8c3f-faf75caa2cd2,https://pub-peterborough.escribemeetings.com/filestream.ashx?DocumentId=10996
06dd7769-9671-4a51-82f5-0db977b223b8,https://pub-peterborough.escribemeetings.com/filestream.ashx?DocumentId=10985
eb4f5b92-d264-437e-b0da-47147bffd895,https://pub-peterborough.escribemeetings.com/filestream.ashx?DocumentId=10974
d54179c0-8c95-42d6-abb2-e296eae25800,https://pub-peterborough.escribemeetings.com/filestream.ashx?DocumentId=10962
a8101cf3-7b29-4b6e-9c09-858cbd49c878,https://pub-peterborough.escribemeetings.com/filestream.ashx?DocumentId=10950
017389b1-c2dc-434c-b31d-dcaa7fd54b6e,https://pub-peterborough.escribemeetings.com/filestream.ashx?DocumentId=10937
50a868ad-cc1e-4516-b84e-63c7103a5a19,None
559263f1-3c92-4e39-b643-91086bc593de,https://pub-peterborough.escribemeetings.com/filestream.ashx?DocumentId=10909
ff319d28-9e79-4154-a8bf-179007c46a3d,None
7d02895a-ef2f-4e80-bc48-b3a85a25ae61,https://pub-peterborough.escribemeetings.com/filestream.ashx?DocumentId=10886
151e0d69-d613-4ea6-97fb-1d6a0cb323ba,None
cd38ec65-eedb-4b9d-813f-d87b63485b4d,https://pub-peterborough.escribemeetings.com/filestream.ashx?DocumentId=10870
c686a93f-40a7-439e-86cb-e756afb3d80e,https://pub-peterborough.escribemeetings.com/filestream.ashx?DocumentId=10857
94ad5778-c60e-47dd-82fc-c0b78ddbe1fa,https://pub-peterborough.escribemeetings.com/filestream.ashx?DocumentId=10844
6f651c98-5e1f-43c8-8056-832ed5ced60c,None
5c01d825-fbe5-4a17-95e5-ecf8e7411bb9,https://pub-peterborough.escribemeetings.com/filestream.ashx?DocumentId=10822
fd699219-cdeb-41ef-90b6-ad4ea9e0614c,None
9ef2367c-7fb1-4d58-8f09-8e3ccbf05a4b,https://pub-peterborough.escribemeetings.com/filestream.ashx?DocumentId=10800
9bec6603-9531-43e4-b54a-d36c9bef7bc2,None
5879bf5d-f9b4-4a6c-aa18-99758e030d3b,https://pub-peterborough.escribemeetings.com/filestream.ashx?DocumentId=10779
439c710d-d5b2-472c-9461-5701db8adbb1,https://pub-peterborough.escribemeetings.com/filestream.ashx?DocumentId=10770
20dd0243-fef4-4060-add5-c7cf6525b7a0,https://pub-peterborough.escribemeetings.com/filestream.ashx?DocumentId=10757
1bcc95bf-c50d-4d3e-8fbe-81f5dee877c8,https://pub-peterborough.escribemeetings.com/filestream.ashx?DocumentId=10745
b30d79f5-3890-4585-b595-96fbbaab59dd,https://pub-peterborough.escribemeetings.com/filestream.ashx?DocumentId=10735
1e7fb2f7-4499-4115-a420-ae10f70601bd,https://pub-peterborough.escribemeetings.com/filestream.ashx?DocumentId=10723
4a3e29aa-54ff-459d-887a-883e1ffd959c,https://pub-peterborough.escribemeetings.com/filestream.ashx?DocumentId=10713
392cd212-4487-4476-b26c-99bbb1400482,https://pub-peterborough.escribemeetings.com/filestream.ashx?DocumentId=10700
971bf8d2-e970-4d3b-b72d-9b02cc5535fb,https://pub-peterborough.escribemeetings.com/filestream.ashx?DocumentId=10686
2cbe13fd-f102-4a3e-8961-e0e8a0109d5e,https://pub-peterborough.escribemeetings.com/filestream.ashx?DocumentId=10675
e431309e-970d-46a4-b957-6a64733232b1,https://pub-peterborough.escribemeetings.com/filestream.ashx?DocumentId=10662
78e86a1d-4bda-40fd-95aa-1b397c093ba6,None
b7ceffb6-fbae-474c-be1d-c12a32377ffb,https://pub-peterborough.escribemeetings.com/filestream.ashx?DocumentId=10643
c588770a-e869-40fe-965f-929fb20d7bd3,https://pub-peterborough.escribemeetings.com/filestream.ashx?DocumentId=10632
a42517eb-95af-4fbf-82f8-a85d07860bc5,https://pub-peterborough.escribemeetings.com/filestream.ashx?DocumentId=10618
c5278c42-59e8-4da1-a711-9f79be29e2f1,None
5711bca1-1022-4e43-b16d-07878c43257b,https://pub-peterborough.escribemeetings.com/filestream.ashx?DocumentId=10599
c4840bb6-4c99-4eaf-a7ea-d74ee35fe311,https://pub-peterborough.escribemeetings.com/filestream.ashx?DocumentId=10588
6c51aa55-1373-4c40-ba24-44f8a895696a,https://pub-peterborough.escribemeetings.com/filestream.ashx?DocumentId=10574
6458fda9-6333-4b37-adf8-2f20b011b209,https://pub-peterborough.escribemeetings.com/filestream.ashx?DocumentId=10564
1a17bcb7-7331-4161-9d06-3a4622e99b6f,None
2e4c63b0-a707-4634-98df-ea3134fc5dbd,https://pub-peterborough.escribemeetings.com/filestream.ashx?DocumentId=10544
395450b0-52e6-4106-9f87-bdcedbe82e72,https://pub-peterborough.escribemeetings.com/filestream.ashx?DocumentId=10532
74244590-3fa8-4dfa-a9b1-b355d8d8f25f,https://pub-peterborough.escribemeetings.com/filestream.ashx?DocumentId=10518
5bfec9c6-54bf-4da6-8b95-e2bd0c457004,None
047a7704-c9fa-4526-b968-c118289798da,https://pub-peterborough.escribemeetings.com/filestream.ashx?DocumentId=10494
d725a982-d7c0-4386-95d5-fef55008ac35,None
f8c5e233-dad3-4895-8a3d-ca7a7d0f76ec,None
3b04443a-2bee-4ced-a586-8e1b4a8910a6,None
dba3586b-dc6c-4888-84d8-1b7a2dde031e,https://pub-peterborough.escribemeetings.com/filestream.ashx?DocumentId=10459
c64dc662-3f56-42cb-9643-0aadbb11e099,https://pub-peterborough.escribemeetings.com/filestream.ashx?DocumentId=10449
09b43921-d67c-4b72-b8b9-fd9eadc8f97b,https://pub-peterborough.escribemeetings.com/filestream.ashx?DocumentId=10436
f781410c-80d2-408e-a6e5-bf5bc12d87ea,https://pub-peterborough.escribemeetings.com/filestream.ashx?DocumentId=10424
b46f8c0b-7987-4c41-b852-97dfc6dfebdf,https://pub-peterborough.escribemeetings.com/filestream.ashx?DocumentId=10412
470c05e3-2688-4592-9f02-39da2f8697a2,None
0e4f1124-17b3-4ace-8d7a-d7cecacc6081,https://pub-peterborough.escribemeetings.com/filestream.ashx?DocumentId=10392
d16836bb-dcb8-4545-99ef-890065b4938a,None
2c99a134-35d4-4186-9298-6dc49016d016,https://pub-peterborough.escribemeetings.com/filestream.ashx?DocumentId=10372
2fbe37ac-bd29-4db2-8490-17240c9fc5f5,https://pub-peterborough.escribemeetings.com/filestream.ashx?DocumentId=10359
323907dd-526b-443c-8fa2-d31a6e87ed2a,https://pub-peterborough.escribemeetings.com/filestream.ashx?DocumentId=10349
49dd8822-caa7-467d-b2bf-f24b87c6c97a,https://pub-peterborough.escribemeetings.com/filestream.ashx?DocumentId=10337
14b1a923-44b0-49ef-b0bd-470242a2a3ff,https://pub-peterborough.escribemeetings.com/filestream.ashx?DocumentId=10325
d11d38af-cf8b-4750-9ef3-4cb108840880,https://pub-peterborough.escribemeetings.com/filestream.ashx?DocumentId=10313
b52bc302-1897-4ce1-a26b-863abf079fcd,https://pub-peterborough.escribemeetings.com/filestream.ashx?DocumentId=10299
cd27f087-dae4-4faf-bc4c-94fabb792e60,https://pub-peterborough.escribemeetings.com/filestream.ashx?DocumentId=10285
f4e85c00-dabd-48d5-b847-ebcd0b5adb69,https://pub-peterborough.escribemeetings.com/filestream.ashx?DocumentId=10258
f7ddaec0-782c-4593-82a4-e0fdd3f7b544,https://pub-peterborough.escribemeetings.com/filestream.ashx?DocumentId=10273
cc79ebbc-807b-44ae-876f-4e3d5af4d109,https://pub-peterborough.escribemeetings.com/filestream.ashx?DocumentId=10247
1388f3f3-e141-475e-b560-00a7c9ffa61b,https://pub-peterborough.escribemeetings.com/filestream.ashx?DocumentId=10235
ceb73b71-acb1-4256-840a-02a5aed9067e,https://pub-peterborough.escribemeetings.com/filestream.ashx?DocumentId=10222
7bc71250-9770-482f-91a0-dc357b98d07e,https://pub-peterborough.escribemeetings.com/filestream.ashx?DocumentId=10175
e3b1559c-3eb2-4d97-a193-71ab714bbfec,None
621682f6-02da-4e53-9bc9-0626da11d65a,https://pub-peterborough.escribemeetings.com/filestream.ashx?DocumentId=9947
027b9843-1495-4dbf-abcf-ab0502f6575c,https://pub-peterborough.escribemeetings.com/filestream.ashx?DocumentId=9848
147a1663-32b7-4da6-acb0-44b1d6407f72,None
2dd5e7f8-4059-4d5a-aa8d-0dc3a480761f,https://pub-peterborough.escribemeetings.com/filestream.ashx?DocumentId=9743
23eeafc2-8556-4b76-acc9-b315bee5e113,https://pub-peterborough.escribemeetings.com/filestream.ashx?DocumentId=9659
e65b745e-916a-4631-ace8-656f1da1b1e2,https://pub-peterborough.escribemeetings.com/filestream.ashx?DocumentId=11324
8cad395a-218c-48dd-a980-f71c158926dd,https://pub-peterborough.escribemeetings.com/filestream.ashx?DocumentId=11268
6c294129-8bae-48f1-a22e-f24f0d2bffc1,https://pub-peterborough.escribemeetings.com/filestream.ashx?DocumentId=34766
6b029e11-bae2-4260-a403-b0212cdd25b2,https://pub-peterborough.escribemeetings.com/filestream.ashx?DocumentId=34633
84846051-e1fa-4e34-90d8-4a8730601cfe,https://pub-peterborough.escribemeetings.com/filestream.ashx?DocumentId=34638
2b6d7cec-d13e-422d-af29-9bf78e67a738,https://pub-peterborough.escribemeetings.com/filestream.ashx?DocumentId=34172
43e7157e-15c5-4aff-a934-2b4c8b2b92c1,https://pub-peterborough.escribemeetings.com/filestream.ashx?DocumentId=32139
1fda5973-09c3-481d-9590-e4b0c21bddd6,https://pub-peterborough.escribemeetings.com/filestream.ashx?DocumentId=31085
f8544e73-3463-4d48-84c0-b8493284a670,https://pub-peterborough.escribemeetings.com/filestream.ashx?DocumentId=30930
3705ecba-63c9-41fd-b267-630fa74a894d,https://pub-peterborough.escribemeetings.com/filestream.ashx?DocumentId=30730
f8a7f022-3aba-41ef-8ee3-41f29fe649ca,https://pub-peterborough.escribemeetings.com/filestream.ashx?DocumentId=30573
dbbc6bc8-3c7a-4c42-8d24-65b2572c08cf,https://pub-peterborough.escribemeetings.com/filestream.ashx?DocumentId=30274
f0b4344d-364c-486e-9bf7-8c0f8b8a0a51,https://pub-peterborough.escribemeetings.com/filestream.ashx?DocumentId=29871
0188de4c-b6dc-46d7-88b3-6bfbf5985b54,https://pub-peterborough.escribemeetings.com/filestream.ashx?DocumentId=29609
ed5aeaff-77d5-4a9b-82ae-350effae120f,https://pub-peterborough.escribemeetings.com/filestream.ashx?DocumentId=29560
76117af4-1c5c-4c94-859a-925388a90b4a,https://pub-peterborough.escribemeetings.com/filestream.ashx?DocumentId=29343
eb8dbd1b-f6d6-49d4-87fb-de2db998efa7,https://pub-peterborough.escribemeetings.com/filestream.ashx?DocumentId=30140
7864454d-ef49-4b78-b0be-232760be5d38,None
fec285e2-0ae6-4fe4-8410-820bff2ae833,None
84456ea4-9080-4d21-a429-7e180eed7ec7,None
0d48774c-02b7-4d92-a4df-d75d3278f9ed,None
cb8f8d20-94e8-4f57-bfc1-d6f5f79c70a5,None
4d800900-5e59-4e38-a514-00f7643be7a9,None
2844510c-bce3-49b0-96c7-af71b0d76c93,None
76893a14-9827-428d-bca2-ce24332812e4,None
c9b665e7-1027-48de-946a-f89c98d406c2,None
bc516025-eab5-403a-aae6-e70da815648d,None
fa3fb433-63a8-4a95-955c-622b00927182,None
a9444826-285b-4896-aa83-8718ff9ffcf6,None
4fdd0bba-c883-4003-aaa1-fd03b9deacb7,None
a841e8f2-f842-4aa1-909d-f61ad2d175ec,None
75783869-11e1-4b11-a13f-64299e2a5e02,None
9d287ac5-312d-4b60-8ebe-d21c5b3105f6,None
9c9e5153-9567-455a-b63f-6e32fd2a1bb4,https://pub-peterborough.escribemeetings.com/filestream.ashx?DocumentId=12829
af74c7a2-2fca-4c7b-817c-b965ce6ac443,https://pub-peterborough.escribemeetings.com/filestream.ashx?DocumentId=12794
50875860-b841-4ee0-b0aa-c4aaf2fb20a4,None
6abef89f-3fec-4f38-a383-8a90add5fe0b,https://pub-peterborough.escribemeetings.com/filestream.ashx?DocumentId=12768
83dd54c8-0c6e-456e-9c38-a1efe8849789,https://pub-peterborough.escribemeetings.com/filestream.ashx?DocumentId=12724
b14acbd7-c9bf-40fa-a980-a4ca19a544ea,None
56f2591b-3ffe-46f5-ab78-8528cdddeb62,https://pub-peterborough.escribemeetings.com/filestream.ashx?DocumentId=12690
1e93b8d6-22d7-403b-b008-a1347ae219b4,https://pub-peterborough.escribemeetings.com/filestream.ashx?DocumentId=12654
b3e756b3-f994-488a-a53a-5c76d1a38533,None
c01a15f6-8e1e-4ecc-b202-b9c82bac8a02,https://pub-peterborough.escribemeetings.com/filestream.ashx?DocumentId=12569
9da54afd-2df9-47ab-a67a-5df8e3186a71,None
1cb9fa89-8ee8-4e42-b40f-3ad92275813a,None
26b1f5af-cf62-479b-a93a-3375699e52e4,https://pub-peterborough.escribemeetings.com/filestream.ashx?DocumentId=12512
3790240e-88ba-4813-8d93-d11d0a510067,https://pub-peterborough.escribemeetings.com/filestream.ashx?DocumentId=12473
0bc3aaf5-18ae-4d8d-81c2-2069383bd09f,None
9a4008e0-49da-4a92-ad77-6461fef37d1d,https://pub-peterborough.escribemeetings.com/filestream.ashx?DocumentId=12446
f4f8a0fb-b060-4771-a2de-b31e8e2080a8,https://pub-peterborough.escribemeetings.com/filestream.ashx?DocumentId=12417
5293a92d-4bb4-474a-9d95-d04207ed9960,None
d2b431f1-1d59-4e3f-8c5c-2cae261e5a68,https://pub-peterborough.escribemeetings.com/filestream.ashx?DocumentId=12365
f78850ff-e9a5-42a8-85b8-02d4dd21b4e7,None
a24a3a7d-a24d-4c62-80fd-06cf35167f71,https://pub-peterborough.escribemeetings.com/filestream.ashx?DocumentId=12326
e61527d4-65a3-4cc6-a2d5-c28f261fbfc1,None
16f4eba5-3d7a-41f9-bd91-e3a8b9518310,None
39d797d3-daf0-4247-bf28-0db4f79b6300,https://pub-peterborough.escribemeetings.com/filestream.ashx?DocumentId=12263
7c43caad-ac87-4712-8463-5347d26e2c53,None
b1a2740c-ac43-4c6a-9cc5-823c41f66018,None
21eaf576-7bf0-480a-bb10-1d7067791c7d,https://pub-peterborough.escribemeetings.com/filestream.ashx?DocumentId=12197
3ac1e57d-3f4c-48e6-9af4-14129cd832c3,None
5426fef2-5fe1-4e56-9b69-264c19900e21,None
2cef7e30-7a8f-497b-9963-68b9302e41e5,https://pub-peterborough.escribemeetings.com/filestream.ashx?DocumentId=12141
4778eba3-3bef-4894-b7e2-4b760cddbfe4,https://pub-peterborough.escribemeetings.com/filestream.ashx?DocumentId=12100
3f49fdb7-8acd-4d72-9170-2b13d5539555,None
33167c43-5fb8-4d10-a6b2-48c1d9efadb5,https://pub-peterborough.escribemeetings.com/filestream.ashx?DocumentId=12052
546accde-0fbb-4cb2-9557-be17dfcf8907,None
21ee9b00-24e6-45a0-804e-e63d637b5025,https://pub-peterborough.escribemeetings.com/filestream.ashx?DocumentId=12024
14a74796-5874-48f4-a062-72693503d2ae,None
af1a0c22-6c90-4e9d-829d-1e6b7c484e4e,None
6168b70b-32e9-4694-bdef-58074424b9bd,https://pub-peterborough.escribemeetings.com/filestream.ashx?DocumentId=11971
479c0252-2af9-4c96-bbd8-cb2f2a520735,None
13118f21-fce7-45ca-9989-af7c4d8c7a09,https://pub-peterborough.escribemeetings.com/filestream.ashx?DocumentId=11929
252131f7-0e49-405a-8c2c-a2732b3166a1,https://pub-peterborough.escribemeetings.com/filestream.ashx?DocumentId=11909
b992301d-27bc-4f96-afc6-1d29b53b597a,https://pub-peterborough.escribemeetings.com/filestream.ashx?DocumentId=11887
5ff89868-35cc-4d17-8fa3-193fbd1cf090,None
be3cdda2-af73-4b40-a014-7dbe3ca277de,https://pub-peterborough.escribemeetings.com/filestream.ashx?DocumentId=11829
81b98b01-5977-4f65-9d07-7208fffaec5e,None
1cd7c9a3-95d6-4c1f-8f7a-2e60bc5b73af,https://pub-peterborough.escribemeetings.com/filestream.ashx?DocumentId=11793
00f0b217-c8f6-48fe-a132-d417001c751c,None
e64e1530-9008-4bb7-8d15-474395be880a,None
f5ca7340-bf04-4a46-8a56-4b23883f6cf8,https://pub-peterborough.escribemeetings.com/filestream.ashx?DocumentId=11746
8ea3b2e5-dbea-4475-99dd-84be2167650a,https://pub-peterborough.escribemeetings.com/filestream.ashx?DocumentId=11718
58c422b6-0349-41bf-aba4-1f07e5bd831f,None
5b25d507-c89c-433d-ae19-d6fa4dd975bd,None
f4d71c19-e515-45fc-a324-f29dc25fe1d0,https://pub-peterborough.escribemeetings.com/filestream.ashx?DocumentId=11676
371941a7-73fd-44e2-8dca-551c3fa9b172,None
f5c7c635-5bf3-4ff6-b5e2-854598e79515,None
80164ca1-6eee-4add-ab3a-0e431db071db,https://pub-peterborough.escribemeetings.com/filestream.ashx?DocumentId=11606
3cc5a77e-021c-467c-83c0-aba5a9a926b6,None
2dffbc93-2c98-4e7d-9f82-ed9e8ee207ec,https://pub-peterborough.escribemeetings.com/filestream.ashx?DocumentId=11582
93e47fff-0cd6-4af5-8c49-893f7d776ca1,None
6fa97d3c-c714-47bc-a182-1ddf4c30c140,None
e9ba8ee9-d48c-40fe-acbf-44e63fbe0e9d,https://pub-peterborough.escribemeetings.com/filestream.ashx?DocumentId=11537
d7dc3893-9fbd-49f9-8386-98385317fc97,None
f17bd749-b1f2-4670-aea1-2cf777258306,https://pub-peterborough.escribemeetings.com/filestream.ashx?DocumentId=11510
89c13533-d250-4183-9a05-ab90f8894f94,None
2b20a441-da4d-47c6-b404-18e41ef4c20f,https://pub-peterborough.escribemeetings.com/filestream.ashx?DocumentId=11478
8295191a-b754-4097-95d6-bb1aace41865,None
278be2bd-bcd8-4716-9ee7-dbeb0fc06caa,https://pub-peterborough.escribemeetings.com/filestream.ashx?DocumentId=16208
c75b90ec-ebde-47bb-907c-3f094cd3cb62,None
a23d42dc-38f0-46ce-a6af-350a87b965d5,None
f8441613-22d8-49ae-a0df-9dc7bc2f06d1,https://pub-peterborough.escribemeetings.com/filestream.ashx?DocumentId=16164
a787c8eb-badf-4566-837d-8331c67fe809,https://pub-peterborough.escribemeetings.com/filestream.ashx?DocumentId=16123
bcf05d03-0e7d-41b5-8133-202a11534d41,None
1ff28812-8364-42cd-9b79-06d0d10cfb3f,None
48e005a4-1310-41dd-b05f-fbb4cb485d9c,None
93dc559c-6e5d-403a-9b33-93457de4ade8,https://pub-peterborough.escribemeetings.com/filestream.ashx?DocumentId=16075
926d63a8-b781-4a98-a4ea-9a6a6f6d0ce3,None
c04e07b2-6170-41c6-9b5d-58d581af054f,https://pub-peterborough.escribemeetings.com/filestream.ashx?DocumentId=16040
ccfeb13a-f84f-4411-aa3e-d4fbc032eebd,None
5c4f2639-02a1-417e-ae1f-f8913a9b875a,None
02b71346-4ce6-4f6b-9fd4-724249e8e961,https://pub-peterborough.escribemeetings.com/filestream.ashx?DocumentId=16004
28fc211e-ce49-47d9-9d8f-751a7861625f,None
aca815af-c040-481b-9d43-4e552a6e4e43,https://pub-peterborough.escribemeetings.com/filestream.ashx?DocumentId=15979
6a09000d-8a5d-425e-84ee-edb52fe8dd3f,None
b46b0153-f76f-41f1-a34b-372feae5bc11,https://pub-peterborough.escribemeetings.com/filestream.ashx?DocumentId=15944
63b65c0b-2de2-41dd-becf-6955e52b002a,None
dbf6787e-bc2b-435d-b7ef-924d0f66de9b,None
d80c4379-d9af-4c7a-bd3a-e839cbc34797,None
25c3034d-564f-42d3-b860-fe071d3704bf,https://pub-peterborough.escribemeetings.com/filestream.ashx?DocumentId=15867
df6f6752-ea65-4378-b1f6-fe2473487283,None
a950b153-2b02-4c78-9229-e02ab4939da8,https://pub-peterborough.escribemeetings.com/filestream.ashx?DocumentId=15818
8d3feec6-f9e6-4a5c-9f03-4e2d1e01eccd,None
689d7094-e3c8-483b-bd47-8a7d1dc87de5,None
d0aeca4c-0ff1-4fe3-8795-ee927e52b395,https://pub-peterborough.escribemeetings.com/filestream.ashx?DocumentId=15780
6788b45a-54c2-45a5-a6e3-e2ec147fd633,None
9b343bb1-64fb-4d27-87b9-ad237aa94106,https://pub-peterborough.escribemeetings.com/filestream.ashx?DocumentId=15731
1a338e25-6f56-46d7-a15c-98e0212c5dbd,None
70d39fde-1e3b-4225-b5b5-3e068d0fe83e,None
0d08d37b-61f4-4e7d-9622-2e3930f933c2,https://pub-peterborough.escribemeetings.com/filestream.ashx?DocumentId=15670
db4bb007-a16a-4509-b76f-1a2c0aa04126,None
98babe58-35b6-4cb3-855c-0e9d369186c1,https://pub-peterborough.escribemeetings.com/filestream.ashx?DocumentId=15643
f5344119-db30-4088-a5e9-f51c077c6407,None
55710e21-050d-4d2c-bbd6-b1579bafce13,None
4d2fd4d9-aa93-4aa6-ad75-10ea113adb45,https://pub-peterborough.escribemeetings.com/filestream.ashx?DocumentId=15605
d681dd7e-7377-4e5b-9d15-9e2851c8b1ed,None
adddc5b8-a06a-4ec5-85a7-4f006a4962a6,https://pub-peterborough.escribemeetings.com/filestream.ashx?DocumentId=15575
fcf8c9f1-be5f-48b9-b5af-7edd710898a1,None
c7ae4018-ae21-405a-9536-81884d3a494a,https://pub-peterborough.escribemeetings.com/filestream.ashx?DocumentId=15541
56f678cf-9353-46b3-896c-362f35f5e781,None
b289b0d2-b73a-4187-8856-c64e0d692164,https://pub-peterborough.escribemeetings.com/filestream.ashx?DocumentId=15498
d0cc68a2-bea9-45be-8f2b-0ffcc3030f02,None
da102967-597e-4902-863f-ea00283bb571,https://pub-peterborough.escribemeetings.com/filestream.ashx?DocumentId=15442
a6065ea5-9e2f-4158-ad80-7411805a72ba,None
6488577d-5321-4426-9ad8-717f0243e143,None
272fd3da-9029-4324-a77d-4f148055f431,https://pub-peterborough.escribemeetings.com/filestream.ashx?DocumentId=15404
a06f0844-3222-4a3e-a7ce-f347ebb6dfcb,None
43d47190-7642-4ed9-a1fd-316e3c69f2c2,None
fce23815-2730-43ea-ab55-3dc81159cc4a,https://pub-peterborough.escribemeetings.com/filestream.ashx?DocumentId=15356
0db7391f-deb4-44fa-87fd-cbb06883f6de,None
9faabd93-06f8-4fd1-8104-6c0c3ac517ac,None
913e1d31-7bdb-454b-97b5-ca844ee8f3a1,None
4881c6a1-3b2c-402e-932f-1fb4116128e6,https://pub-peterborough.escribemeetings.com/filestream.ashx?DocumentId=15296
f67c203c-df0e-4ad8-99cc-08d039021155,None
1cc81f79-7d40-4767-a6af-37c17b20dcb7,None
1e8a175d-8f74-4019-833b-8c34e0a10b5a,https://pub-peterborough.escribemeetings.com/filestream.ashx?DocumentId=15260
b4618d23-3aa9-4850-941e-2b09d0560604,https://pub-peterborough.escribemeetings.com/filestream.ashx?DocumentId=15244
56e5bfa9-dfef-4c01-8a0b-4ad9af2d8382,None
d181bae7-ae12-4a38-89c3-84e8cdcd6c30,https://pub-peterborough.escribemeetings.com/filestream.ashx?DocumentId=15199
a6d1ce08-ab10-4d3f-80c9-e4fd87bcbe2a,None
78a411fb-21f9-40d6-8a1c-5be9918956d3,None
286c4dd1-ee19-47b4-ba02-4fd5425a8c1c,https://pub-peterborough.escribemeetings.com/filestream.ashx?DocumentId=15160
b1aa4cfa-fa84-48d5-bace-b2a786e4a680,None
a32d2e6e-2c42-43ef-b710-194502536bf3,https://pub-peterborough.escribemeetings.com/filestream.ashx?DocumentId=15111
9d6988c8-f899-4ec8-a12e-19e5417dc3f3,None
35042ab4-dcc4-4d44-8fff-e7f114339b77,None
3234f479-440a-4586-8024-7827e732441a,https://pub-peterborough.escribemeetings.com/filestream.ashx?DocumentId=15082
bc467e96-462c-4ab9-9978-84ca1d77b803,None
c7935654-f670-4f9c-9e1c-c7565c603538,https://pub-peterborough.escribemeetings.com/filestream.ashx?DocumentId=15046
0d7d6da1-37c1-404a-9057-8fa2a7c96e5c,https://pub-peterborough.escribemeetings.com/filestream.ashx?DocumentId=15007
254fbc53-bec1-460f-b247-bc65ae29bf96,None
ebfcf57e-0b2f-4343-b135-6c042d2cff47,None
eb746b5c-7d0d-4170-800f-7187266f9a36,https://pub-peterborough.escribemeetings.com/filestream.ashx?DocumentId=14980
1d869ed4-7cb2-4453-9982-506aa80d1826,https://pub-peterborough.escribemeetings.com/filestream.ashx?DocumentId=14957
ee0e272e-71aa-4868-9624-e1910330dc1d,None
3a5bf46f-d526-4257-bcd4-d349527b015f,https://pub-peterborough.escribemeetings.com/filestream.ashx?DocumentId=14918
2e103752-6d02-4b0b-aff9-580eda396b71,None
fd88616a-8c04-4089-9a4c-8dd3b3230646,None
9a378e30-13ef-4ce6-ae05-0bda13856533,https://pub-peterborough.escribemeetings.com/filestream.ashx?DocumentId=14877
3c02c3c7-b50a-42aa-b81a-11f7f705a948,None
72a9325a-11e0-4318-a354-0db7e80a0420,None
45b2f888-d6af-4a3c-93d6-d6ba29abc076,https://pub-peterborough.escribemeetings.com/filestream.ashx?DocumentId=14827
ca69fb63-d949-4a59-9567-1faeb9b2877a,None
9bd7be0e-4119-47a2-8e67-ec77a781dc16,None
b908baba-a9dc-4754-8db0-b25d3c199528,https://pub-peterborough.escribemeetings.com/filestream.ashx?DocumentId=14766
9d714884-0454-456b-bccd-d48009ed2bf2,None
a4a2d25b-3f3e-4607-9945-909de5882b1e,None
